article_id	start_position	end_position	entity_text	entity_type
0	198	201	那一天	time
0	256	258	25	med_exam
0	320	322	25	med_exam
0	370	372	晚上	time
0	409	411	4點	time
0	644	647	這兩天	time
0	817	819	晚上	time
0	836	838	那天	time
0	1090	1092	那天	time
0	1145	1146	波	location
0	1156	1157	波	location
0	1167	1168	波	location
0	1168	1172	7月21	time
0	1239	1241	一點	time
0	1610	1612	急診	profession
0	1722	1723	波	location
0	1732	1733	波	location
0	1840	1842	急診	profession
0	1844	1846	急診	profession
0	2037	2039	那天	time
0	2209	2211	急診	profession
0	2215	2217	5天	time
0	2245	2247	三天	time
0	2259	2263	一個禮拜	time
0	2319	2322	禮拜一	time
0	2332	2335	禮拜一	time
0	2372	2375	前幾天	time
0	2448	2451	這兩天	time
0	2555	2558	皇后區	profession
0	2624	2628	下下禮拜	time
0	2735	2740	布魯克林區	money
0	2752	2755	皇后區	profession
0	2760	2763	皇后區	profession
0	2767	2770	皇后區	profession
0	2774	2777	皇后區	profession
0	2780	2782	北區	location
0	2807	2810	下禮拜	time
0	3029	3031	昨天	time
0	3060	3062	一點	time
0	3067	3070	下禮拜	time
0	3340	3343	下禮拜	time
1	59	62	108	med_exam
1	66	69	108	med_exam
1	338	340	一點	time
1	457	459	五月	time
1	671	674	三個月	time
2	27	32	8月17號	time
2	40	45	上上個禮拜	time
2	53	56	110	med_exam
2	85	88	110	med_exam
2	492	494	外國	profession
2	496	498	泰國	location
2	563	566	光華路	name
2	571	574	光華路	name
2	752	754	一點	time
2	980	982	兩天	time
2	1096	1098	半年	time
2	1114	1116	半年	time
2	1118	1120	半年	time
2	1139	1141	爸爸	family
2	1147	1150	三個月	time
2	1226	1231	一兩個禮拜	time
2	1464	1466	一點	time
3	153	155	半夜	time
3	157	159	晚上	time
3	179	181	晚上	time
3	183	185	7點	time
3	187	190	8點多	med_exam
3	233	236	9點多	time
3	240	243	10點	time
3	250	255	6月15號	time
3	257	259	6號	time
3	266	268	6號	time
3	272	274	14	time
3	279	281	6號	time
3	302	306	1個禮拜	time
3	576	580	6月4號	time
3	582	584	前年	time
3	592	594	前年	time
3	609	611	一年	time
3	904	908	一個小時	time
3	913	917	50分鐘	time
3	981	985	一個小時	time
3	1431	1433	禮拜	time
3	1443	1445	禮拜	time
3	1456	1458	禮拜	time
3	1472	1474	禮拜	time
3	1489	1491	禮拜	time
3	1875	1877	5月	time
3	1882	1884	去年	time
3	1890	1894	108年	time
3	1901	1903	6年	time
3	1912	1914	6年	time
3	1923	1925	5月	time
3	1929	1931	四月	time
3	1932	1934	五月	time
3	2023	2025	5月	time
3	2033	2035	8月	time
3	2041	2043	8月	time
3	2046	2048	8月	time
3	2102	2104	5年	time
3	2105	2107	5年	time
3	2178	2183	八月23日	time
3	2195	2200	八月23日	time
3	2204	2206	八月	time
3	2223	2225	8月	time
3	2230	2232	八月	time
3	2252	2254	6年	time
3	2752	2754	今天	time
3	2820	2822	一點	time
3	3083	3087	2個小時	time
3	3103	3107	2個小時	time
3	3110	3114	2個小時	time
3	3128	3130	今天	time
3	3131	3133	明天	time
4	7	12	6月14號	time
4	18	20	14	time
4	28	30	14	time
4	38	40	14	time
4	45	47	14	time
4	146	148	昨天	time
4	161	163	一點	time
4	187	190	林醫師	name
4	339	343	一個禮拜	time
4	354	358	上個禮拜	time
4	388	392	一個禮拜	time
4	521	523	一點	time
4	615	617	今天	time
4	623	625	昨天	time
4	666	668	昨天	time
4	684	690	60多70多	money
4	726	728	晚上	time
4	731	734	林醫師	name
4	770	772	兩個	time
4	791	793	兩個	time
4	806	809	林醫師	name
4	815	818	林醫師	name
4	838	840	昨天	time
4	844	847	林醫師	name
4	872	877	6月24號	time
4	880	883	林醫師	name
4	995	997	兩個	time
4	1035	1037	一點	time
4	1134	1137	前幾天	time
4	1535	1537	晚上	time
4	1537	1540	許醫師	name
4	1606	1609	林醫師	name
4	1620	1623	林醫師	name
4	1665	1668	林醫師	name
4	1692	1695	張醫師	name
4	1704	1706	昨天	time
4	1724	1727	巫大維	location
4	1776	1778	兩個	time
4	1811	1814	林醫師	name
4	1959	1963	這三個月	time
4	1967	1970	三個月	time
4	1974	1977	三個月	time
4	1979	1982	三個月	time
4	1988	1991	三個月	time
4	2000	2002	一天	time
4	2002	2004	一天	time
5	83	87	今天早上	time
5	144	146	2：	time
5	170	173	這幾天	time
5	516	518	一點	time
5	759	761	急診	profession
5	812	814	一點	time
5	861	864	1．6	med_exam
5	927	930	那一天	time
5	1028	1030	今天	time
5	1047	1049	昨天	time
5	1049	1051	晚上	time
5	1052	1055	10點	time
5	1271	1274	這幾天	time
5	1486	1488	一點	time
5	1801	1804	這幾天	time
5	1876	1880	一個禮拜	time
5	1886	1889	禮拜三	time
5	1893	1896	禮拜三	time
5	1919	1921	上午	time
5	1922	1925	禮拜三	time
5	1927	1929	上午	time
5	2134	2136	急診	profession
5	2322	2324	媽媽	family
5	2356	2358	急診	profession
5	2378	2380	老媽	family
5	2423	2425	老媽	family
5	2433	2436	禮拜三	time
5	2437	2441	6月6號	time
5	2451	2454	那一天	time
5	2476	2478	兩點	time
5	2565	2567	當天	time
5	2648	2651	這幾天	time
6	28	32	上個禮拜	time
6	86	88	前年	time
6	158	160	今年	time
6	160	162	5月	time
6	376	380	7月4號	time
6	707	710	一兩天	time
6	782	784	急診	profession
6	837	839	那天	time
6	894	899	一兩個禮拜	time
6	925	927	一天	time
6	989	991	昨天	time
6	1170	1173	343	med_exam
6	1177	1180	343	med_exam
6	1217	1219	今天	time
6	1227	1229	今天	time
6	1250	1253	吳醫師	name
6	1323	1325	一天	time
6	1448	1450	一天	time
6	1454	1456	早上	time
6	1550	1554	一個禮拜	time
6	1625	1627	櫻木	name
7	108	111	張醫師	name
7	137	138	波	location
7	240	243	132	med_exam
7	247	250	132	med_exam
7	272	274	91	med_exam
7	278	280	91	med_exam
7	323	325	72	med_exam
7	432	435	張醫師	name
7	717	720	三百多	med_exam
7	889	892	三個月	time
7	910	913	三個月	time
7	1038	1041	三個月	time
7	1045	1048	三個月	time
7	1055	1058	一個月	time
7	1058	1061	一個月	time
8	215	218	黃醫師	name
8	262	265	黃醫師	name
8	418	420	一點	time
8	484	486	晚上	time
8	533	536	黃醫師	name
8	601	604	一個月	time
8	605	607	兩個	time
8	683	689	一到兩個禮拜	time
8	764	767	黃醫師	name
8	932	933	王	name
8	933	935	阿明	name
9	35	37	五月	time
9	84	87	一個月	time
9	94	97	一個月	time
9	314	316	9月	time
9	417	419	73	med_exam
10	71	73	74	med_exam
10	78	80	74	med_exam
10	160	164	下下禮拜	time
10	175	178	下禮拜	time
10	181	185	下禮拜三	time
10	221	224	一個月	time
10	241	245	兩個禮拜	time
10	262	266	四個禮拜	time
10	373	375	四週	time
10	441	443	一天	time
10	472	476	四個禮拜	time
10	491	494	禮拜三	time
10	502	505	平常日	time
10	537	541	十月六號	time
11	7	9	71	med_exam
11	18	21	8.5	med_exam
11	26	29	上禮拜	time
11	55	57	一點	time
11	123	125	北榮	location
11	132	135	林醫師	name
11	143	146	林醫師	name
11	154	158	紐約醫院	location
11	174	178	紐約醫院	location
11	188	190	一點	time
11	210	213	林醫師	name
11	231	233	一點	time
11	313	316	林醫師	name
11	362	364	北榮	location
11	376	379	王醫師	name
11	388	390	哥哥	family
11	392	394	大哥	family
11	417	419	北榮	location
11	455	458	林醫師	name
11	484	486	昨天	time
11	513	516	林醫師	name
11	592	594	兩年	time
11	664	666	兩個	time
11	676	680	紐約醫院	location
11	729	732	三個月	time
11	763	766	四個月	time
11	930	933	林醫師	name
11	1094	1097	林醫師	name
11	1097	1099	6月	time
11	1153	1156	兩個月	time
11	1179	1182	兩個月	time
11	1184	1186	前天	time
11	1196	1198	前天	time
11	1233	1236	兩個月	time
11	1238	1241	兩個月	time
11	1273	1276	兩個月	time
11	1307	1309	彙整	location
11	1353	1355	紐約	location
11	1358	1362	紐約醫院	location
11	1416	1419	兩個月	time
11	1436	1438	兩天	time
11	1470	1472	紐約	location
11	1647	1649	兩年	time
11	1784	1786	北榮	location
11	1806	1808	北榮	location
11	1869	1872	林醫師	name
11	1888	1890	去年	time
11	2014	2016	今年	time
11	2029	2032	林醫師	name
11	2137	2140	4個月	time
11	2144	2147	4個月	time
11	2148	2154	10月17號	time
11	2235	2239	流川鋒流	money
11	2245	2247	荷蘭	location
11	2303	2305	一年	time
11	2334	2336	一年	time
12	217	219	4點	time
12	273	275	一點	time
12	290	292	一點	time
12	298	300	一點	time
12	342	345	129	med_exam
12	349	352	129	med_exam
12	353	355	81	med_exam
12	360	363	129	med_exam
12	364	366	81	med_exam
12	407	412	7月26號	time
12	434	436	92	time
12	746	748	一點	time
12	783	785	一點	time
12	791	793	一點	time
12	840	842	那天	time
12	855	857	85	med_exam
12	869	871	阿公	family
12	885	887	85	med_exam
13	48	52	9月2號	time
13	60	63	9．7	med_exam
13	87	89	56	med_exam
13	126	128	56	med_exam
13	158	161	9．6	med_exam
13	166	169	9．8	med_exam
13	188	191	9．6	med_exam
13	218	220	一點	time
13	383	386	正中央	location
13	413	415	年底	time
13	433	435	年底	time
13	446	448	早上	time
13	463	465	3月	time
13	488	491	10月	time
13	492	495	10月	time
13	558	560	一點	time
13	632	635	正中央	location
13	701	703	一點	time
13	722	725	正中央	location
13	728	730	閉上	location
13	744	746	閉上	location
14	27	30	753	time
14	45	47	37	med_exam
14	121	125	一、兩天	time
14	137	139	三天	time
14	242	246	38.7	med_exam
14	250	253	387	med_exam
14	372	374	8點	time
14	384	388	68.7	med_exam
14	459	462	2個月	time
14	476	479	2個月	time
14	575	577	一點	time
14	621	624	這個月	time
14	655	657	8月	time
14	662	664	4月	time
14	671	673	4月	time
14	701	703	8月	time
14	1090	1091	波	location
14	1094	1096	今年	time
14	1127	1128	波	location
14	1136	1140	前兩個月	time
14	1173	1177	5月21	time
14	1179	1184	5月21號	time
14	1187	1188	波	location
14	1312	1314	一點	time
14	1367	1368	波	location
14	1385	1390	9月20號	time
14	1396	1398	9月	time
14	1400	1404	9月20	time
15	60	62	今天	time
15	92	95	2.4	med_exam
15	99	102	2.4	med_exam
15	182	185	2.4	med_exam
15	247	249	兒子	family
15	632	634	前鎮	time
15	1277	1280	一個月	time
15	1288	1291	一個月	time
15	1452	1456	0.55	med_exam
16	203	207	三個禮拜	time
16	218	222	六個禮拜	time
16	235	239	六個禮拜	time
16	257	261	六個禮拜	time
16	324	328	5.02	money
16	337	341	7.64	med_exam
16	353	357	0.62	med_exam
16	368	371	.83	med_exam
16	383	386	8.5	med_exam
16	397	406	7.83，7.02	med_exam
16	424	427	三個月	time
16	447	449	兩年	time
16	715	717	林大	location
17	112	113	波	location
17	746	748	超多	family
17	912	914	一點	time
17	1420	1423	這幾天	time
17	1534	1536	一天	time
17	1567	1569	明天	time
17	1578	1580	明天	time
17	1585	1587	後天	time
17	1593	1595	明天	time
17	1596	1599	禮拜一	time
17	1604	1606	明天	time
17	1611	1613	今天	time
17	1613	1615	禮拜	time
17	1621	1623	今天	time
17	1623	1625	禮拜	time
17	1630	1633	禮拜一	time
17	1637	1640	禮拜一	time
17	1656	1659	禮拜二	time
17	1663	1666	禮拜二	time
17	1679	1682	禮拜二	time
17	1692	1694	小花	name
17	1831	1833	新聞	location
17	1850	1852	今天	time
17	1957	1959	急診	profession
17	1989	1992	這幾天	time
17	2005	2007	一點	time
17	2026	2028	跨月	time
17	2034	2036	五月	time
17	2038	2041	五月份	time
17	2062	2065	六月份	time
17	2167	2169	台中	location
17	2174	2176	四天	time
17	2179	2181	七天	time
17	2185	2187	台中	location
17	2225	2227	四天	time
17	2267	2269	一點	time
17	2344	2346	五月	time
17	2467	2469	兩天	time
17	2507	2509	三天	time
17	2907	2909	那天	time
17	3120	3123	這幾天	time
18	21	23	五月	time
18	127	129	那天	time
18	237	240	921	time
18	265	268	500	money
18	429	432	三個月	time
18	485	487	半年	time
19	306	308	一點	time
19	417	419	今天	time
19	427	429	今天	time
19	821	823	叔叔	family
19	832	834	叔叔	family
19	906	908	一點	time
19	939	942	0.1	med_exam
19	945	948	0.2	med_exam
19	967	970	0.8	med_exam
19	971	974	0.7	med_exam
19	1239	1241	晚上	time
19	1788	1790	一天	time
19	1798	1800	一天	time
19	1900	1902	一點	time
19	2498	2501	下禮拜	time
19	2739	2741	一點	time
19	2807	2809	一點	time
19	3013	3015	陽明	name
19	3082	3084	陽明	name
19	3093	3095	陽明	name
19	3178	3182	一個禮拜	time
19	3837	3839	陽明	name
19	3869	3871	陽明	name
19	3989	3991	那天	time
19	3993	3995	那天	time
19	4006	4008	學區	location
19	4022	4024	學區	location
19	4098	4100	八天	time
19	4101	4104	十四天	time
19	4142	4144	六十	time
19	4207	4209	那天	time
19	4209	4211	晚上	time
19	4481	4483	一點	time
19	4543	4546	下禮拜	time
19	4639	4641	一點	time
19	4881	4883	一點	time
19	4932	4934	一點	time
19	4986	4988	急診	profession
19	5007	5009	昨天	time
19	5100	5102	今天	time
19	5114	5116	今天	time
19	5298	5300	叔叔	family
19	5308	5310	一天	time
19	5487	5490	下禮拜	time
19	5518	5520	保險	profession
19	5625	5628	下禮拜	time
19	5949	5952	下禮拜	time
19	5968	5969	爸	family
19	6021	6024	下禮拜	time
20	10	13	這個月	time
20	266	269	這個月	time
20	304	306	一天	time
20	315	318	這個月	time
20	765	767	臺東	location
20	767	769	花蓮	location
20	853	856	這幾天	time
20	894	897	一兩天	time
20	910	914	那一個月	time
20	1010	1014	一兩年前	time
20	1307	1310	三個月	time
20	1310	1313	三個月	time
20	1314	1317	三個月	time
20	1645	1647	保險	profession
20	2110	2114	一個禮拜	time
20	2147	2149	三天	time
20	2369	2371	今天	time
20	2675	2677	兩個	time
20	3013	3016	三個月	time
20	3477	3479	保險	profession
20	3500	3502	保險	profession
20	3718	3720	保險	profession
20	3800	3802	保險	profession
20	4476	4478	三個	time
20	4511	4513	三個	time
20	4554	4556	保險	profession
20	4591	4593	保險	profession
20	4598	4600	兩個	time
20	4646	4650	8月2號	time
20	4659	4664	8月20號	time
21	209	211	一號	time
21	293	295	一號	time
21	535	537	兩個	time
21	563	565	兩個	time
21	619	621	兩個	time
21	876	878	成癮	name
21	1093	1096	一個月	time
21	1107	1110	一個月	time
21	1274	1278	一個禮拜	time
21	1337	1341	一個禮拜	time
21	1781	1783	許多	name
21	1921	1923	新聞	location
21	2397	2399	三個	time
21	2550	2552	今天	time
21	2553	2555	彰化	location
21	2643	2645	三個	time
21	2714	2716	泰國	location
21	2718	2720	印度	location
21	2723	2725	泰國	location
21	2730	2732	印度	location
21	2736	2738	三個	time
21	2810	2812	今天	time
21	2813	2815	三天	time
21	2944	2946	兩週	time
21	3189	3191	印度	location
21	3323	3325	泰國	location
21	3326	3328	印度	location
22	6	9	王醫師	name
22	112	115	王醫師	name
22	523	525	陽明	name
22	538	540	陽明	name
22	743	745	陽明	name
22	775	777	北醫	location
22	828	830	北醫	location
22	836	838	北醫	location
22	845	847	北醫	location
22	969	971	兩個	time
22	981	984	四個月	time
22	989	992	四個月	time
22	1173	1175	承認	name
22	1868	1871	刮鬍刀	profession
22	1936	1939	刮鬍刀	profession
22	2104	2107	三個月	time
22	2109	2112	六個月	time
22	2371	2373	保險	profession
22	2383	2385	兩個	time
22	2392	2394	保險	profession
22	2440	2443	打叉叉	profession
22	2505	2511	nonono	med_exam
22	2645	2647	保險	profession
22	2736	2739	王醫師	name
22	2824	2826	今天	time
22	2893	2895	七天	time
22	3014	3016	今天	time
22	3040	3042	七天	time
22	3060	3062	一天	time
22	3132	3134	七天	time
22	3225	3227	一天	time
22	3258	3260	十二	time
22	3274	3276	今天	time
22	3287	3289	十二	time
22	3302	3305	每個月	time
22	3339	3342	每個月	time
22	3351	3354	三個月	time
22	3386	3388	兩個	time
22	3390	3392	兩個	time
22	3484	3486	一萬	money
22	3539	3542	每個月	time
22	3545	3548	每個月	time
22	3576	3579	三個月	time
22	3604	3607	王醫師	name
22	3612	3618	禮拜一的早上	time
22	3619	3625	禮拜三的下午	time
22	3637	3640	禮拜一	time
22	3641	3644	禮拜三	time
22	3691	3694	每個月	time
22	3702	3705	王醫師	name
22	3764	3766	今天	time
23	6	9	王醫師	name
23	57	60	王醫師	name
23	500	504	24小時	time
23	507	511	24小時	time
23	576	579	王醫師	name
23	636	639	王醫師	name
23	741	743	今天	time
23	868	872	每個禮拜	time
23	954	956	小梅	name
23	1002	1006	一個禮拜	time
23	1018	1022	一個禮拜	time
23	1026	1030	那一個月	time
23	1090	1094	一個禮拜	time
23	1163	1167	一個禮拜	time
23	1200	1203	一個月	time
23	1210	1213	一個月	time
23	1314	1316	一點	time
23	1494	1496	八十	med_exam
23	1756	1759	王醫師	name
23	1789	1791	今天	time
23	1839	1841	今天	time
24	55	58	這個月	time
24	170	172	兩天	time
24	174	176	兩天	time
24	177	179	三天	time
24	259	263	一個禮拜	time
24	382	384	七天	time
24	421	423	四天	time
24	513	516	這個月	time
24	646	648	保險	profession
24	716	718	台中	location
24	853	855	今天	time
24	881	883	今天	time
24	885	887	兩個	time
24	914	916	兩個	time
25	7	10	這個月	time
25	124	126	今天	time
25	147	159	12345678910，	contact
25	193	195	28	med_exam
25	268	271	一個月	time
25	294	297	這個月	time
25	335	337	一點	time
25	1122	1124	今天	time
25	1130	1133	四五天	time
25	1158	1160	兩個	time
25	1250	1252	當天	time
26	15	17	5月	time
26	185	188	一個月	time
26	234	236	周末	time
26	243	245	平日	time
26	247	249	今天	time
26	281	284	一個月	time
26	302	305	一個月	time
26	441	443	一點	time
26	767	769	小梅	name
26	962	964	今天	time
26	974	976	今天	time
26	977	979	三個	time
26	1166	1172	tinder	contact
26	1694	1696	小梅	name
26	1739	1741	保險	profession
26	1777	1779	保險	profession
26	1860	1862	小梅	name
26	1867	1869	小梅	name
26	1883	1885	小梅	name
26	2161	2165	LINE	contact
26	2184	2187	5.6	med_exam
26	2223	2227	LINE	contact
26	2339	2342	三個月	time
26	2542	2545	三個月	time
26	2569	2572	林小姐	name
27	11	13	台中	location
27	97	99	台中	location
27	112	114	台中	location
27	120	122	一點	time
27	263	265	台中	location
27	265	267	七天	time
27	326	330	這一個月	time
27	355	358	上個月	time
27	373	375	今天	time
27	399	401	三天	time
27	452	454	三天	time
27	518	520	三天	time
27	589	592	這禮拜	time
27	593	597	這一個月	time
28	30	32	一年	time
28	64	66	一年	time
28	743	745	今天	time
28	1006	1008	今天	time
28	1158	1160	昨天	time
28	1161	1163	前天	time
28	1592	1594	保險	profession
28	1607	1609	兩個	time
28	1869	1871	兩個	time
28	2187	2190	刮鬍刀	profession
28	2206	2209	刮鬍刀	profession
28	2339	2341	今天	time
28	2377	2380	那一天	time
28	2382	2385	那一天	time
28	2403	2405	早上	time
28	2407	2409	晚上	time
28	2439	2443	24小時	time
28	2553	2555	四天	time
28	2562	2564	一天	time
29	33	35	桃園	location
29	41	43	桃園	location
29	52	54	蘭姊	family
29	215	217	一年	time
29	224	226	一年	time
29	229	232	這一年	time
29	256	259	三個月	time
29	380	383	三個月	time
29	559	562	三個月	time
29	705	707	保險	profession
29	747	750	陳醫師	name
29	770	772	保險	profession
29	1032	1034	保險	profession
29	1365	1368	552	med_exam
29	1376	1382	16000多	money
29	1386	1391	17000	money
29	1443	1446	三個月	time
29	1469	1472	每個月	time
29	1509	1512	這個月	time
29	1527	1530	三個月	time
29	1599	1601	今天	time
29	1608	1610	今天	time
29	1673	1676	每個月	time
29	1758	1760	北區	location
29	1791	1794	一個月	time
29	1817	1819	一點	time
29	1838	1841	369	med_exam
29	1855	1858	每個月	time
29	1925	1928	3個月	time
29	1939	1941	7月	time
29	1942	1944	8月	time
29	1945	1947	9月	time
29	2022	2026	第一個月	time
29	2026	2030	7月6號	time
29	2054	2056	8月	time
29	2059	2062	一個月	time
29	2124	2128	第一個月	time
29	2153	2155	9月	time
29	2325	2328	三個月	time
30	91	93	導正	location
30	153	155	一年	time
30	159	161	一年	time
30	166	168	一點	time
30	250	252	嘉義	location
30	258	260	三天	time
30	288	292	一個禮拜	time
30	335	337	一天	time
30	337	339	一天	time
30	389	391	兩個	time
30	444	446	今天	time
30	446	448	禮拜	time
30	449	452	禮拜二	time
30	469	471	禮拜	time
30	488	492	3456	med_exam
30	510	512	禮拜	time
30	525	527	禮拜	time
30	690	692	三個	time
30	732	735	一整天	time
30	795	799	兩個小時	time
30	856	859	整個月	time
30	1158	1160	一年	time
30	1260	1262	美國	location
30	1591	1593	今天	time
30	1594	1597	6個月	time
30	1600	1602	今天	time
30	1624	1626	今天	time
30	1629	1631	半年	time
31	82	85	這個月	time
31	203	205	晚上	time
31	278	281	4個月	time
31	558	560	保險	profession
31	873	876	這個月	time
31	903	906	這個月	time
31	911	914	這個月	time
31	1567	1569	保險	profession
31	1794	1796	今天	time
31	1804	1806	今天	time
31	1812	1814	今天	time
31	1820	1822	今天	time
31	1862	1865	9月中	time
31	1874	1878	12月中	time
31	1890	1894	12月中	time
31	1917	1919	今天	time
31	1924	1928	8月3號	time
31	2012	2015	三個月	time
31	2027	2031	第一個月	time
32	246	250	兩個小時	time
32	495	498	一個月	time
32	512	515	一個月	time
32	590	592	今天	time
32	594	596	明天	time
32	607	609	假日	time
32	639	641	保險	profession
32	678	682	兩個小時	time
32	686	690	兩個小時	time
32	695	699	兩個小時	time
32	700	704	兩個小時	time
32	716	720	24小時	time
32	730	734	24小時	time
32	860	862	兩個	time
32	946	948	兩天	time
32	959	961	三點	time
32	1127	1129	保險	profession
32	1208	1210	小美	name
32	1251	1255	每個禮拜	time
32	1308	1311	三個月	time
32	1312	1315	六個月	time
32	1348	1351	三個月	time
32	1381	1384	一個月	time
32	1390	1393	一個月	time
32	1400	1403	一個月	time
32	1433	1436	三個月	time
32	1444	1447	五千塊	money
32	1542	1544	泰國	location
32	1885	1888	每個月	time
32	1901	1904	每個月	time
32	1950	1952	五百	med_exam
32	1967	1969	嘉義	location
32	1984	1986	一點	time
32	2129	2132	一個月	time
32	2198	2201	三個月	time
32	2211	2214	三個月	time
32	2239	2241	半年	time
32	2294	2296	四週	time
32	2312	2315	三個月	time
32	2408	2411	三個月	time
32	2596	2598	一年	time
32	2652	2654	一年	time
32	2668	2671	三個月	time
32	2730	2733	一年後	time
33	44	47	禮拜二	time
33	48	50	早上	time
33	51	54	禮拜五	time
33	55	57	下午	time
33	102	105	這個月	time
33	255	257	保險	profession
33	663	665	一點	time
33	680	682	一點	time
33	812	814	今天	time
33	874	877	下個月	time
33	880	885	10月7號	time
33	899	902	下禮拜	time
33	917	919	早上	time
33	921	923	下午	time
34	88	90	萬華	name
34	91	93	北醫	location
34	98	100	萬華	name
34	101	103	北醫	location
34	437	439	五年	time
34	513	515	半年	time
34	667	669	一點	time
34	724	726	半年	time
34	732	734	半年	time
34	772	775	五個月	time
34	779	782	五個月	time
34	892	894	兩個	time
34	911	913	三個	time
34	966	968	兩個	time
34	1019	1021	一點	time
34	1130	1132	那天	time
34	1187	1189	一天	time
34	1212	1214	今天	time
34	1320	1322	今天	time
34	1368	1372	24小時	time
34	1380	1384	24小時	time
34	1407	1410	10點	time
34	1421	1423	8點	time
34	1440	1442	8點	time
34	1451	1453	8點	time
34	1461	1463	三天	time
34	1508	1512	兩個小時	time
34	1513	1515	那天	time
34	1526	1528	當天	time
34	1536	1538	昨天	time
34	1540	1542	今天	time
34	1805	1809	一個禮拜	time
34	1976	1978	一天	time
34	1980	1982	兩個	time
34	2233	2235	一點	time
34	2402	2404	一點	time
34	2658	2660	一年	time
34	2693	2696	6個月	time
34	2795	2797	今天	time
34	2804	2809	1800多	money
34	2830	2832	半年	time
34	2859	2863	800多	money
34	2874	2877	三個月	time
34	2916	2920	400多	money
34	2940	2943	每個月	time
34	2946	2951	1000塊	money
34	2984	2987	一個月	time
34	3023	3025	今天	time
34	3638	3640	保險	profession
34	3963	3965	兩個	time
34	4102	4104	保險	profession
34	4152	4154	九十	money
34	4156	4158	九十	money
34	4220	4223	下禮拜	time
34	4248	4251	禮拜二	time
34	4252	4254	晚上	time
34	4275	4277	晚上	time
34	4279	4281	下午	time
34	4292	4298	禮拜三的下午	time
34	4299	4305	禮拜五的早上	time
34	4308	4310	兩天	time
34	4362	4365	每個月	time
34	4414	4420	禮拜三的下午	time
34	4421	4427	禮拜五的早上	time
34	4433	4439	禮拜五的早上	time
34	4450	4454	下禮拜五	time
34	4459	4462	禮拜五	time
34	4482	4486	下禮拜五	time
34	4495	4501	禮拜五的早上	time
34	4502	4507	7月21號	time
34	4537	4540	下禮拜	time
34	4572	4574	萬華	name
34	4579	4581	萬華	name
34	4582	4584	萬華	name
34	4585	4587	北醫	location
34	4593	4595	萬華	name
34	4596	4598	北醫	location
35	168	171	陳小姐	name
35	221	224	陳小姐	name
35	248	250	群組	location
35	253	255	群組	location
35	381	383	兩個	time
35	451	453	兩個	time
35	468	470	三個	time
35	493	495	第三	time
35	523	525	三分	time
35	559	561	今天	time
35	1488	1490	今天	time
35	1674	1678	1個禮拜	time
35	1684	1686	今天	time
35	1772	1776	24小時	time
35	1783	1787	24小時	time
35	1795	1799	24小時	time
35	1825	1827	晚上	time
35	1827	1830	10點	time
35	1839	1842	10點	time
35	1847	1849	8點	time
35	1857	1859	8點	time
35	1862	1865	第三天	time
35	1867	1869	8點	time
35	1913	1915	一點	time
35	1952	1956	兩個小時	time
35	1965	1967	兩個	time
35	2068	2070	兩天	time
35	2105	2107	週末	time
35	2110	2112	兩點	time
35	2118	2120	週末	time
35	2132	2135	禮拜一	time
35	2137	2139	早上	time
35	2143	2145	兩點	time
35	2207	2210	禮拜一	time
35	2370	2372	今天	time
35	2426	2428	兩個	time
35	2764	2766	保險	profession
35	2769	2771	兩個	time
35	2781	2783	兩個	time
35	2809	2811	今天	time
35	2815	2817	保險	profession
35	3001	3005	一個禮拜	time
35	3076	3078	兩個	time
35	3153	3155	兩個	time
35	3251	3253	九十	money
35	3397	3399	半年	time
35	3480	3482	半年	time
35	3486	3489	三個月	time
35	3505	3507	半年	time
35	3748	3750	3分	location
35	3769	3772	一個月	time
35	3796	3798	三個	time
35	3813	3815	三個	time
35	3955	3957	72	med_exam
35	3979	3981	28	med_exam
35	3992	3994	一點	time
35	4003	4005	今天	time
35	4128	4133	2010年	time
35	4222	4225	整個月	time
35	4228	4233	12000	money
35	4279	4281	泰國	location
35	4309	4311	一萬	money
35	4313	4315	一萬	money
35	4446	4448	泰國	location
35	4554	4556	今天	time
35	4621	4623	美國	location
35	4741	4743	泰國	location
35	4780	4784	500塊	money
35	4785	4789	600塊	money
35	4810	4812	泰國	location
35	4828	4831	一個月	time
35	4831	4835	1000	med_exam
35	4836	4840	1500	money
35	4854	4858	500塊	money
35	4859	4863	600塊	money
35	4906	4908	今天	time
35	4952	4954	搜尋	name
35	4983	4985	一點	time
35	4998	5000	一天	time
35	5071	5076	下下個禮拜	time
36	43	45	七點	time
36	71	73	後天	time
36	74	76	下午	time
36	78	82	Line	contact
36	116	119	這個月	time
36	291	293	明天	time
36	294	298	line	contact
36	579	581	今天	time
36	586	590	第七個月	time
36	602	604	半年	time
36	632	635	下個月	time
36	660	665	四月二十五	time
36	678	683	四月二十五	time
36	715	720	四月二十五	time
36	777	779	一點	time
37	4	7	這個月	time
37	87	89	傍晚	time
37	93	95	傍晚	time
37	109	111	今晚	time
37	132	134	晚上	time
37	157	159	晚上	time
37	222	224	早上	time
37	229	231	早上	time
37	300	302	兩個	time
37	487	489	一點	time
37	522	524	保險	profession
37	616	618	兩個	time
37	623	625	一點	time
37	766	768	兩個	time
37	845	847	今天	time
37	850	853	一個月	time
37	959	961	保險	profession
37	981	985	400多	money
37	1023	1025	三分	time
37	1040	1042	一萬	money
37	1064	1067	一個月	time
37	1069	1072	4千多	money
37	1073	1075	5千	money
37	1082	1084	一點	time
37	1122	1124	泰國	location
37	1238	1240	美國	location
37	1321	1324	一個月	time
37	1326	1330	1500	money
37	1373	1376	一個月	time
37	1383	1385	泰國	location
38	70	72	高雄	location
38	84	86	高雄	location
38	92	94	高雄	location
38	115	117	七天	time
38	141	143	八號	time
38	160	164	兩個禮拜	time
38	177	179	高雄	location
38	266	268	一點	time
38	423	425	七天	time
38	582	584	高雄	location
38	641	644	下個月	time
38	648	651	下個月	time
38	662	664	今天	time
39	22	25	一個月	time
39	34	37	一個月	time
39	141	144	三個月	time
39	192	193	波	location
39	333	334	波	location
39	603	604	波	location
39	638	639	波	location
39	770	773	六個月	time
39	802	804	一點	time
39	823	825	一年	time
39	834	836	一年	time
39	933	935	保險	profession
39	1253	1255	保險	profession
39	1542	1544	保險	profession
39	1697	1698	波	location
39	1717	1720	三個月	time
39	2008	2011	六個月	time
40	344	347	呼吸道	location
40	377	379	十月	time
40	399	402	廖醫師	name
40	488	491	替代役	profession
40	516	518	一年	time
40	539	541	區塊	name
40	548	550	區塊	name
40	561	563	半年	time
40	577	579	一點	time
40	585	587	一點	time
40	662	664	半年	time
40	846	848	今天	time
40	855	857	兩年	time
40	975	977	今天	time
40	1001	1003	今天	time
41	93	96	張醫師	name
41	101	104	張醫師	name
41	109	112	張醫師	name
41	623	626	張醫師	name
41	654	656	兩個	time
41	671	673	兩個	time
41	677	679	兩個	time
41	767	769	5天	time
41	795	797	5天	time
41	810	812	5天	time
41	885	888	張醫師	name
41	982	985	張醫師	name
41	1014	1017	張醫師	name
41	1019	1022	勝利路	location
41	1027	1030	勝利路	location
41	1041	1045	勝利國小	location
41	1061	1063	老媽	family
41	1066	1068	老媽	family
41	1144	1146	老媽	family
41	1172	1174	孫子	family
41	1216	1218	孫子	family
41	1221	1223	孫女	family
41	1249	1252	張大明	name
41	1278	1282	一個禮拜	time
41	1374	1377	張醫師	name
41	1471	1474	陳醫師	name
41	1475	1477	姊姊	family
41	1618	1620	當天	time
41	1708	1710	兩個	time
41	1905	1908	三個月	time
42	81	83	一點	time
42	571	573	一點	time
42	675	678	黃醫師	name
42	679	682	黃明明	name
42	688	691	黃明明	name
42	1136	1138	德國	location
42	1326	1328	一點	time
42	1329	1331	一點	time
42	1433	1436	李醫師	name
42	1833	1835	一點	time
42	2021	2024	119	med_exam
42	2320	2322	急救	profession
42	2391	2394	119	med_exam
42	2726	2729	119	med_exam
42	2932	2934	那天	time
43	3	5	仙道	name
43	209	211	半年	time
43	213	216	三個月	time
43	220	222	半年	time
43	229	231	明天	time
43	264	269	7月12號	time
43	287	291	兩個禮拜	time
43	315	319	這幾個月	time
43	435	437	一點	time
43	449	451	56	med_exam
43	454	457	：56	med_exam
43	483	488	7月12號	time
43	497	500	一個月	time
43	553	555	禮拜	time
43	560	562	早上	time
43	565	567	中午	time
43	648	651	一個月	time
43	678	682	4個禮拜	time
43	702	704	下午	time
43	715	717	早上	time
43	762	768	禮拜五的早上	time
43	787	793	禮拜五的早上	time
43	819	823	兩個禮拜	time
43	828	832	810，	med_exam
43	832	837	8月10號	time
43	862	866	兩個禮拜	time
43	872	874	那天	time
43	894	896	今天	time
43	939	941	早上	time
43	943	945	晚上	time
43	959	961	一天	time
43	973	975	禮拜	time
43	983	985	早上	time
43	1032	1034	一天	time
43	1037	1039	14	time
43	1043	1045	28	med_exam
43	1065	1067	14	time
43	1109	1111	早上	time
43	1113	1115	晚上	time
43	1175	1179	兩個禮拜	time
43	1305	1307	一點	time
43	1315	1318	每個月	time
43	1318	1320	按月	time
43	1343	1345	金額	profession
43	1359	1363	8000	money
43	1387	1389	金額	profession
43	1470	1472	屋頂	name
43	1550	1553	3個月	time
43	1560	1563	三個月	time
43	1566	1569	3個月	time
43	1637	1640	6個月	time
44	4	8	這個禮拜	time
44	17	21	這個禮拜	time
44	193	195	一點	time
44	477	479	一點	time
44	501	503	一點	time
44	710	714	兩個禮拜	time
44	848	850	一天	time
44	1236	1238	一點	time
44	1246	1248	一點	time
44	1564	1566	小牛	name
44	1662	1664	日本	location
44	1731	1732	波	location
44	1787	1790	下禮拜	time
45	5	7	今天	time
45	35	37	今天	time
45	93	97	7月12	time
45	128	130	今天	time
45	244	247	橡樹葉	location
45	304	306	一點	time
45	453	455	小俊	name
45	477	480	兩個月	time
45	485	488	兩個月	time
45	500	503	一個月	time
45	507	509	28	med_exam
45	516	520	第二個月	time
45	564	567	3個月	time
45	574	576	8月	time
45	585	588	11月	time
45	616	620	8月18	time
45	627	629	9月	time
45	634	637	8月初	time
45	640	643	9月底	time
45	646	649	兩個月	time
45	665	668	兩個月	time
45	674	677	那一天	time
45	678	681	兩個月	time
45	687	689	當天	time
45	699	701	當天	time
45	704	710	11月30號	time
45	920	926	11月30號	time
45	933	935	當天	time
45	964	966	一天	time
45	985	987	當天	time
45	1153	1156	兩個月	time
45	1162	1166	1555	med_exam
45	1209	1211	一天	time
45	1254	1257	兩個月	time
46	87	90	這兩天	time
46	127	129	一點	time
46	216	218	三天	time
46	233	237	7月21	time
46	238	242	7月23	time
46	246	250	7月21	time
46	251	255	7月23	time
46	259	261	一二	med_exam
46	267	269	一二	med_exam
46	274	278	上個禮拜	time
46	288	291	禮拜四	time
46	298	301	禮拜一	time
46	341	346	7月23號	time
46	405	409	37.5	med_exam
46	423	425	傍晚	time
46	444	446	早上	time
46	452	454	早上	time
46	456	459	36幾	med_exam
46	466	468	晚上	time
46	469	471	下午	time
46	485	489	37.2	med_exam
46	496	498	37	med_exam
46	521	523	下午	time
46	589	591	早上	time
46	604	606	早上	time
46	610	612	晚上	time
46	613	615	下午	time
46	617	619	一點	time
46	660	662	晚上	time
46	663	665	早上	time
46	704	706	早上	time
46	707	711	36.5	med_exam
46	726	728	下午	time
46	734	736	37	med_exam
46	749	751	37	med_exam
46	877	879	37	med_exam
46	929	931	一點	time
46	972	974	今天	time
46	986	989	188	med_exam
46	1032	1035	188	med_exam
46	1313	1316	七八十	med_exam
46	1349	1352	189	med_exam
46	1356	1359	201	med_exam
46	1409	1411	一點	time
46	1424	1428	4.1%	time
46	1460	1464	4.1%	time
46	1619	1621	三天	time
46	1635	1638	這兩天	time
46	1665	1667	一天	time
46	1703	1705	今天	time
46	1731	1733	今天	time
46	1734	1736	早上	time
46	1743	1745	今天	time
46	1746	1748	早上	time
46	1748	1752	36.2	med_exam
46	1771	1775	36.2	med_exam
46	1778	1780	今天	time
46	1783	1787	36.8	med_exam
46	1810	1814	37.5	med_exam
46	1827	1831	37.5	med_exam
46	1881	1885	37.5	med_exam
46	1925	1928	38度	med_exam
46	2001	2003	一點	time
46	2117	2119	美國	location
46	2356	2358	一天	time
46	2397	2399	一點	time
46	2485	2489	三個禮拜	time
46	2897	2899	今天	time
46	3002	3005	134	med_exam
46	3009	3012	134	med_exam
46	3122	3125	136	med_exam
46	3561	3563	一點	time
46	3610	3612	今天	time
46	3637	3639	今天	time
46	3802	3804	28	med_exam
46	3815	3817	28	med_exam
46	3819	3821	28	med_exam
46	3857	3861	兩個禮拜	time
46	3870	3874	兩個禮拜	time
46	3889	3893	兩個禮拜	time
46	3922	3925	上禮拜	time
46	4003	4007	兩個禮拜	time
46	4029	4033	下下禮拜	time
46	4277	4279	四週	time
46	4366	4368	四週	time
46	4382	4384	兩週	time
46	4389	4391	四週	time
46	4430	4432	一點	time
46	4844	4847	海洛因	location
46	4929	4932	三個月	time
47	190	192	5天	time
47	203	205	今天	time
47	212	214	今天	time
47	303	306	林醫師	name
47	372	374	今天	time
47	441	443	工具	profession
47	475	477	一點	time
47	661	663	三天	time
47	669	671	今天	time
47	741	744	515	money
47	745	748	433	med_exam
47	749	752	124	med_exam
47	753	755	今天	time
47	818	821	4.3	med_exam
47	841	845	7500	money
47	854	858	53萬9	med_exam
47	865	868	5萬2	money
47	890	892	今天	time
47	915	917	5天	time
47	961	965	下個禮拜	time
47	1025	1027	一點	time
47	1065	1067	一天	time
47	1104	1106	一點	time
47	1372	1374	一天	time
47	1431	1433	一點	time
47	1553	1557	下下禮拜	time
47	1674	1676	晚上	time
47	1687	1690	蕁麻疹	profession
47	1694	1697	蕁麻疹	profession
47	1735	1737	晚上	time
47	1742	1744	白天	time
47	1781	1785	下下禮拜	time
47	1788	1790	今天	time
47	1847	1849	當天	time
47	1852	1854	今天	time
47	2130	2132	今天	time
47	2184	2186	今天	time
47	2271	2274	789	med_exam
47	2280	2282	小萱	name
48	6	10	5889	med_exam
48	13	15	小明	name
48	148	151	ABC	med_exam
48	331	338	189，189	med_exam
48	360	363	189	med_exam
48	388	390	一點	time
48	401	404	166	med_exam
48	407	410	189	med_exam
48	421	424	166	med_exam
48	428	431	166	med_exam
48	455	458	200	money
48	463	466	225	med_exam
48	473	476	200	money
48	510	512	一點	time
48	562	564	47	med_exam
48	571	573	一點	time
48	647	650	兩個月	time
48	655	658	兩個月	time
48	659	662	兩個月	time
48	839	841	65	med_exam
48	847	849	小明	name
48	1067	1071	三個小時	time
48	1072	1076	六個小時	time
48	1410	1415	25000	money
48	1428	1433	25000	money
48	1437	1442	30000	money
48	1448	1453	30000	money
48	1469	1471	一點	time
48	1486	1494	25000，25	med_exam
48	1528	1531	143	med_exam
48	1535	1538	143	med_exam
48	1737	1739	斑塊	others
48	1739	1741	一點	time
48	1741	1743	一點	time
48	1759	1762	兩個月	time
49	3	5	今天	time
49	14	16	爸爸	family
49	50	52	叔叔	family
49	91	93	小美	name
49	126	131	9月10號	time
49	153	158	9月10號	time
49	160	162	小美	name
49	172	174	那天	time
49	335	337	36	med_exam
49	342	344	36	med_exam
49	349	351	36	med_exam
49	352	356	36.9	med_exam
49	357	361	36.7	med_exam
49	363	366	6.6	med_exam
49	420	422	一點	time
49	548	550	一點	time
49	560	562	一點	time
49	840	844	45分鐘	time
49	868	870	一天	time
49	897	899	晚上	time
49	909	911	一天	time
49	913	917	30分鐘	time
49	961	963	小明	name
49	965	967	今天	time
49	976	978	今天	time
49	983	985	今天	time
49	986	989	禮拜三	time
49	990	992	下午	time
49	1006	1008	那天	time
49	1169	1171	今天	time
49	1172	1174	下午	time
49	1208	1214	禮拜一的早上	time
49	1234	1236	今天	time
49	1282	1284	今天	time
49	1294	1296	今天	time
49	1297	1299	下午	time
49	1340	1346	禮拜一的早上	time
49	1352	1358	禮拜一的早上	time
49	1368	1370	教授	profession
49	1477	1480	SSA	location
49	1585	1587	一點	time
49	2058	2060	台北	location
49	2065	2067	高雄	location
49	2082	2084	中山	location
49	2121	2123	學校	location
49	2196	2198	學校	location
49	2252	2254	一點	time
49	2366	2368	一點	time
49	2411	2413	一點	time
49	2429	2431	一點	time
49	2540	2542	一點	time
49	2849	2851	台北	location
49	2928	2930	小美	name
49	2943	2946	禮拜一	time
49	2961	2963	今天	time
49	3040	3044	下個禮拜	time
49	3049	3053	9月8號	time
49	3201	3203	急診	profession
49	3216	3218	急診	profession
49	3233	3235	急診	profession
49	3257	3259	急診	profession
49	3330	3333	許醫師	name
49	3338	3341	許醫師	name
49	3476	3478	一點	time
49	3487	3489	一點	time
49	3497	3499	一點	time
49	3570	3572	早晚	time
49	3784	3786	兒子	family
49	3803	3805	兒子	family
49	3814	3817	蕁麻疹	profession
49	3821	3824	蕁麻疹	profession
49	3840	3843	蕁麻疹	profession
49	3860	3863	蕁麻疹	profession
49	3889	3891	兒子	family
49	3924	3926	姐姐	family
49	3934	3936	姑姑	family
49	3937	3939	姑姑	family
49	3940	3942	兒子	family
49	3946	3948	姑姑	family
49	3949	3951	兒子	family
49	3964	3967	蕁麻疹	profession
49	3971	3974	蕁麻疹	profession
49	3979	3982	蕁麻疹	profession
49	4032	4034	我媽	family
49	4134	4136	一點	time
49	4168	4171	禮拜一	time
49	4236	4238	那天	time
49	4518	4520	台北	location
49	4520	4522	榮總	location
49	4534	4536	台大	location
49	4541	4543	台大	location
49	4547	4549	台大	location
49	4579	4581	一點	time
49	4609	4611	兩天	time
49	4684	4686	急診	profession
49	4778	4780	小美	name
50	13	15	奇美	location
50	82	85	禮拜六	time
50	87	90	禮拜六	time
50	92	95	禮拜六	time
50	96	98	早上	time
50	125	127	禮拜	time
50	129	133	7月17	time
50	138	140	前天	time
50	144	146	前天	time
50	151	153	前天	time
50	159	161	昨天	time
50	163	165	昨天	time
50	200	202	38	med_exam
50	204	206	38	med_exam
50	212	216	38.6	med_exam
50	217	221	38.7	med_exam
50	325	329	6月25	time
50	334	336	昨天	time
50	449	451	今天	time
50	460	462	今天	time
50	463	465	早上	time
50	507	509	一點	time
50	514	516	一點	time
50	529	531	一點	time
50	536	538	一點	time
50	542	544	今天	time
50	604	606	三天	time
50	721	725	36.9	med_exam
50	729	733	36.9	med_exam
50	814	816	一點	time
50	821	823	一點	time
50	1057	1059	前天	time
50	1155	1158	這幾天	time
50	1180	1183	那個月	time
50	1201	1205	11.幾	med_exam
50	1209	1213	11.幾	med_exam
50	1290	1293	11號	time
50	1455	1457	禮拜	time
50	1459	1465	禮拜五的早上	time
50	1490	1492	早上	time
50	1517	1519	早上	time
50	1907	1910	WBC	profession
50	2008	2013	88821	ID
50	2013	2016	許添丁	name
50	2028	2032	27.7	med_exam
50	2114	2115	波	location
50	2648	2651	烏龍茶	profession
50	2656	2659	烏龍茶	profession
50	2812	2815	冰豆漿	location
50	3074	3075	波	location
50	3188	3191	兩三天	time
50	3193	3196	這兩天	time
50	3286	3288	奇美	location
50	3335	3337	榮總	location
50	3394	3397	百利寧	time
50	3502	3504	新樓	location
50	3513	3515	台大	location
50	3536	3537	波	location
50	3573	3577	下個禮拜	time
50	3586	3587	波	location
50	3652	3654	一點	time
50	3750	3752	早上	time
50	3754	3756	晚上	time
50	3908	3910	早晚	time
50	3933	3935	早晚	time
51	25	28	第三週	time
51	133	136	第三週	time
51	147	150	一整天	time
51	170	172	奇美	location
51	232	235	吳醫師	name
51	582	585	第三週	time
51	625	627	奇美	location
51	997	999	兩個	time
51	1263	1265	1月	time
51	1283	1285	1月	time
51	1523	1528	1月16號	time
51	1535	1540	1月16號	time
51	1545	1547	1月	time
51	1558	1563	1月16號	time
51	1676	1678	半年	time
51	1838	1840	第三	time
51	1896	1898	一點	time
51	2039	2043	三個禮拜	time
51	2052	2056	三個禮拜	time
51	2062	2066	兩個禮拜	time
51	2094	2098	三個禮拜	time
51	2257	2260	一整天	time
51	2391	2394	吳醫師	name
51	2408	2410	亞培	name
51	2426	2428	亞培	name
51	2482	2485	BIC	time
51	2848	2851	一個月	time
51	2866	2870	65公斤	med_exam
51	2882	2884	54	med_exam
51	3109	3112	一整天	time
51	3285	3288	這一週	time
51	3289	3292	上禮拜	time
51	3315	3317	一點	time
51	3322	3324	一點	time
51	3395	3397	奇美	location
51	3510	3512	媽媽	family
51	3652	3654	亞培	name
51	3748	3750	亞培	name
51	3758	3760	亞培	name
51	3796	3798	54	med_exam
51	3802	3804	58	med_exam
51	3814	3816	58	med_exam
51	3825	3827	58	med_exam
51	3909	3912	一個月	time
51	3915	3918	一個月	time
51	3923	3926	一個月	time
51	3927	3929	三週	time
51	3935	3938	一個月	time
51	3939	3941	三週	time
51	3945	3948	一個月	time
51	3949	3951	三週	time
51	3962	3965	一個月	time
51	3966	3969	前三週	time
51	4000	4003	22萬	money
51	4034	4037	22萬	money
51	4098	4099	王	name
51	4153	4154	王	name
51	4366	4368	明天	time
51	4396	4398	明天	time
51	4437	4439	兩週	time
51	4441	4444	第三週	time
51	4480	4483	第三週	time
51	4495	4498	第三週	time
51	4513	4515	三週	time
51	4518	4520	一週	time
51	4552	4556	三個禮拜	time
51	4566	4570	兩個禮拜	time
51	4573	4577	兩個禮拜	time
51	4588	4590	亞培	name
51	4610	4614	一個禮拜	time
51	4779	4781	學校	location
51	4815	4819	一個禮拜	time
51	4822	4826	一個禮拜	time
51	4847	4849	66	time
51	4858	4860	66	time
51	4880	4882	阿公	family
51	5193	5195	阿公	family
51	5208	5210	阿公	family
51	5259	5261	阿公	family
51	5265	5267	今天	time
51	5477	5481	兩個小時	time
51	5508	5510	阿公	family
51	5574	5579	2020年	time
51	5579	5581	5月	time
51	5629	5631	阿公	family
51	5813	5815	腫塊	organization
51	5852	5854	四天	time
51	5856	5858	五天	time
52	101	104	330	money
52	195	199	3200	money
52	203	207	3200	money
52	244	246	一點	time
52	251	253	一點	time
52	262	266	10.7	med_exam
52	294	298	10.7	med_exam
52	332	336	兩個禮拜	time
52	385	386	波	location
52	397	402	兩個禮拜內	time
52	413	414	波	location
52	426	427	波	location
52	494	495	波	location
52	526	529	林醫師	name
52	532	535	780	med_exam
52	541	544	林醫師	name
52	545	548	780	med_exam
52	703	706	林醫師	name
52	841	842	波	location
52	900	903	這個月	time
52	1090	1092	老師	profession
52	1140	1142	一點	time
52	1164	1169	7月15號	time
52	1171	1173	一點	time
52	1221	1226	7月28號	time
52	1271	1273	小美	name
52	1277	1279	老師	profession
52	1280	1285	兩個禮拜內	time
52	1288	1289	波	location
52	1333	1335	老師	profession
52	1368	1372	一個禮拜	time
52	1391	1395	兩個禮拜	time
52	1409	1413	一個禮拜	time
52	1416	1420	一個禮拜	time
52	1571	1572	波	location
52	1587	1592	8月20號	time
52	1602	1607	8月20號	time
53	114	118	兩個禮拜	time
53	239	241	一點	time
53	280	282	一點	time
53	291	293	一點	time
53	311	313	一點	time
53	324	326	一點	time
53	337	341	兩個禮拜	time
53	409	413	十月二號	time
53	439	441	六百	med_exam
53	441	444	七十九	med_exam
53	526	528	台南	location
53	529	531	奇美	location
53	538	540	奇美	location
53	736	740	幾個禮拜	time
54	3	5	阿明	name
54	254	256	去年	time
54	567	573	十二月二十二	time
55	128	131	一個月	time
55	282	285	一個月	time
55	602	605	一個月	time
55	728	730	早上	time
55	738	740	早上	time
55	756	758	一天	time
55	830	832	今天	time
55	835	837	今天	time
55	871	873	保險	profession
55	1043	1045	去年	time
55	1063	1065	去年	time
55	1072	1074	今年	time
55	1104	1106	今年	time
55	1109	1111	五月	time
55	1266	1268	一年	time
56	28	31	星期三	time
56	608	610	今天	time
56	687	689	那天	time
56	956	958	阿公	family
56	1247	1250	我爸爸	family
56	1315	1317	我爸	family
56	1528	1530	榮總	location
56	1691	1693	爸爸	family
56	1860	1863	一個月	time
56	1970	1972	一點	time
56	2152	2157	九月二十五	time
56	2166	2169	兩個月	time
56	2175	2179	十月一號	time
56	2210	2212	禮拜	time
56	2216	2219	禮拜四	time
56	2220	2222	下午	time
56	2300	2302	九天	time
57	144	146	一點	time
57	172	175	前一天	time
57	184	186	兩天	time
57	279	281	一年	time
57	287	289	一年	time
57	380	382	今天	time
57	416	419	八十五	med_exam
57	423	426	八十五	med_exam
57	489	492	這一年	time
57	509	511	一年	time
57	521	525	三、四年	time
57	529	533	三、四年	time
57	684	686	一天	time
57	746	750	三個禮拜	time
57	753	757	四個禮拜	time
57	798	802	三個禮拜	time
57	1306	1309	五十歲	time
57	1370	1372	一天	time
57	1552	1554	一點	time
57	1769	1771	一點	time
57	1777	1779	嘉芳	location
57	1790	1793	兩個月	time
57	1800	1803	下禮拜	time
57	1813	1816	五個月	time
57	1850	1853	五個月	time
57	1859	1862	五個月	time
57	1876	1879	五個月	time
57	1909	1912	五個月	time
57	2017	2019	小叔	name
57	2024	2026	小叔	name
57	2028	2030	爺爺	family
57	2038	2040	表哥	family
57	2041	2043	表姊	family
57	2081	2084	十二月	time
58	6	11	56783	med_exam
58	43	46	一兩天	time
58	111	113	一點	time
58	212	214	禮拜	time
58	217	220	禮拜四	time
58	229	231	今天	time
58	232	234	早上	time
58	243	245	一點	time
58	365	367	一點	time
58	546	548	早晚	time
58	696	698	今天	time
58	767	770	三個月	time
59	4	6	禮拜	time
59	8	10	中午	time
59	12	15	禮拜一	time
59	21	23	中午	time
59	30	33	禮拜二	time
59	33	35	那天	time
59	73	75	那天	time
59	76	78	那天	time
59	159	161	今天	time
59	164	167	禮拜一	time
59	169	172	禮拜二	time
59	302	304	急診	profession
59	313	315	急診	profession
59	331	333	急診	profession
59	342	344	急診	profession
59	442	444	昨天	time
59	491	494	林醫師	name
59	615	618	王醫師	name
59	625	627	陽明	name
59	702	704	今天	time
59	726	728	昨天	time
59	737	739	昨天	time
59	740	742	晚上	time
59	750	752	昨天	time
59	753	755	早上	time
59	761	763	孫子	family
59	894	896	三天	time
59	907	909	三天	time
59	921	923	中午	time
59	982	984	一天	time
59	1027	1030	王醫師	name
59	1033	1035	今天	time
59	1043	1045	今天	time
59	1124	1126	台大	location
59	1135	1137	台大	location
59	1261	1264	下禮拜	time
59	1271	1274	下禮拜	time
59	1315	1317	今天	time
59	1354	1356	急診	profession
59	1362	1364	急診	profession
59	1379	1381	急診	profession
59	1382	1384	半夜	time
59	1390	1392	急診	profession
59	1682	1684	急診	profession
59	1692	1694	急診	profession
59	1703	1705	急診	profession
59	1713	1715	急診	profession
59	1724	1726	急診	profession
59	1741	1743	急診	profession
59	1766	1768	急診	profession
59	1879	1881	急診	profession
59	1890	1892	急診	profession
59	1917	1919	台大	location
59	1941	1945	陽明醫院	location
59	1949	1952	副院長	location
59	2114	2116	今天	time
60	96	98	嘉義	location
60	104	106	嘉義	location
60	107	109	台南	location
60	364	367	兩個月	time
60	404	407	這個月	time
60	415	418	這個月	time
60	426	429	這個月	time
60	501	503	第三	time
60	521	523	8月	time
60	547	549	8月	time
60	685	687	今天	time
60	1110	1112	兩個	time
60	1177	1180	8月7	time
60	1184	1187	8月7	time
60	1196	1202	禮拜三的下午	time
60	1206	1212	禮拜三的下午	time
60	1215	1217	早上	time
60	1222	1224	早上	time
60	1228	1231	禮拜四	time
60	1234	1237	禮拜四	time
60	1238	1240	早上	time
60	1244	1250	禮拜五的早上	time
60	1259	1265	禮拜五的早上	time
60	1271	1273	早上	time
60	1301	1304	10點	time
60	1312	1314	今天	time
60	1315	1317	9點	time
60	1317	1319	45	med_exam
60	1339	1345	禮拜三的下午	time
60	1349	1352	禮拜三	time
60	1360	1362	下午	time
60	1367	1369	早上	time
60	1407	1413	禮拜五的早上	time
60	1423	1426	8月7	time
60	1430	1433	8月7	time
60	1540	1543	5月份	time
60	1549	1551	5月	time
60	1554	1556	35	med_exam
60	1560	1563	這個月	time
60	1577	1580	這個月	time
60	1608	1611	這個月	time
60	1718	1723	6月15號	time
60	1875	1880	6月15號	time
60	1898	1903	6月15號	time
60	1986	1988	台北	location
60	2008	2012	9654	time
60	2016	2020	9654	time
60	2028	2030	85	med_exam
60	2034	2038	1996	med_exam
60	2043	2047	1996	med_exam
60	2053	2058	5月21號	time
60	2064	2068	5月21	time
60	2084	2086	6月	time
60	2091	2093	35	med_exam
60	2105	2108	15號	time
60	2117	2120	出生日	time
60	2130	2135	6月15號	time
60	2146	2151	6月15號	time
60	2187	2189	那天	time
60	2192	2197	6月15號	time
60	2220	2225	6月15號	time
60	2262	2267	6月15號	time
60	2269	2274	6月15號	time
60	2274	2276	當天	time
60	2283	2288	6月15號	time
60	2292	2297	6月15號	time
60	2320	2322	那天	time
60	2341	2343	那天	time
60	2443	2445	5月	time
60	2456	2461	6月15號	time
60	2497	2499	5月	time
60	2503	2505	35	med_exam
60	2509	2511	4月	time
60	2581	2584	兩三年	time
60	2599	2602	兩三年	time
61	173	176	一個月	time
61	480	484	第一個月	time
61	540	544	第二個月	time
61	647	650	這個月	time
61	651	655	第一個月	time
61	688	692	24小時	time
61	868	870	一點	time
61	919	922	下個月	time
61	967	969	一點	time
61	979	983	兩個小時	time
61	1002	1006	兩個小時	time
61	1025	1027	兩天	time
61	1111	1113	十點	time
61	1211	1213	保險	profession
61	1522	1524	兩個	time
61	2002	2004	今天	time
61	2022	2028	11月12號	time
61	2030	2033	兩個月	time
61	2038	2043	11月12	time
61	2051	2057	禮拜三的早上	time
61	2069	2071	那天	time
61	2083	2087	第一個月	time
61	2129	2135	11月12號	time
61	2136	2138	平日	time
61	2280	2282	台北	location
61	2293	2295	台北	location
61	2318	2320	一點	time
61	2343	2345	五月	time
61	2421	2426	11月12	time
62	5	9	0938	clinical_event
62	13	16	這個月	time
62	50	53	這個月	time
62	300	302	一年	time
62	346	348	一點	time
62	439	441	保險	profession
62	484	486	保險	profession
62	550	552	兩個	time
62	586	588	一點	time
62	630	632	保險	profession
62	636	638	保險	profession
62	795	799	第十個月	time
62	817	819	三分	time
62	901	904	一個月	time
62	906	911	11月29	time
62	915	918	禮拜五	time
62	919	921	下午	time
63	35	37	老師	profession
63	154	158	這一個月	time
63	188	190	兩組	time
63	238	240	晚上	time
63	242	244	晚上	time
63	263	265	晚上	time
63	343	347	上上個月	time
63	353	356	下個月	time
64	4	6	今天	time
64	9	12	兩個月	time
64	147	149	兩個	time
64	523	525	今天	time
64	746	749	兩個月	time
64	782	785	兩個月	time
64	801	804	下個月	time
64	830	833	這個月	time
64	873	876	每個月	time
64	881	883	一年	time
64	914	916	一年	time
64	976	985	287179403	time
64	1005	1007	第三	time
64	1057	1059	兩年	time
64	1117	1119	泰國	location
64	1146	1148	一點	time
65	34	36	一點	time
65	69	74	過去這個月	time
65	127	130	這個月	time
65	190	193	這個月	time
65	205	208	上個月	time
65	320	322	一點	time
65	407	409	保險	profession
65	1244	1247	撕裂傷	profession
65	1267	1269	今天	time
65	1296	1298	一點	time
65	1310	1312	今天	time
65	1415	1417	一號	time
65	1475	1477	一號	time
66	25	27	小明	name
66	27	30	這個月	time
66	223	225	一點	time
66	253	255	前天	time
66	269	271	前天	time
66	612	614	兩個	time
67	330	333	半年多	time
67	631	633	保險	profession
67	633	635	一點	time
67	678	681	王醫師	name
67	767	771	LINE	contact
67	772	774	群組	location
67	812	816	LINE	contact
67	881	884	王醫師	name
67	895	898	360	med_exam
67	920	922	兩個	time
67	947	949	今天	time
67	960	962	今天	time
67	1012	1015	每個月	time
67	1066	1069	這個月	time
67	1081	1084	下個月	time
67	1094	1097	20天	time
67	1113	1116	三個月	time
67	1204	1207	禮拜三	time
67	1208	1211	禮拜五	time
67	1212	1214	兩個	time
67	1223	1226	王醫師	name
67	1236	1239	王醫師	name
67	1240	1246	禮拜三的下午	time
67	1247	1253	禮拜五的早上	time
67	1265	1267	兩個	time
67	1290	1293	禮拜二	time
67	1300	1303	禮拜二	time
67	1313	1316	禮拜二	time
67	1333	1335	28	med_exam
67	1366	1369	禮拜三	time
67	1385	1388	這個月	time
67	1389	1392	禮拜三	time
67	1412	1415	禮拜五	time
67	1419	1422	禮拜五	time
67	1449	1451	下週	time
67	1452	1455	禮拜五	time
67	1464	1466	28	med_exam
67	1478	1480	28	med_exam
67	1557	1560	一個月	time
67	1573	1576	一個月	time
67	1599	1601	28	med_exam
68	9	13	這一個月	time
68	31	33	今天	time
68	43	45	晚上	time
68	52	54	晚上	time
68	144	147	這個月	time
68	196	198	兩個	time
68	367	369	冒險	location
68	406	408	一點	time
68	426	428	保險	profession
68	462	464	保險	profession
68	632	636	這一個月	time
68	683	685	早上	time
68	695	697	今天	time
68	730	733	下個月	time
69	267	269	姐姐	family
69	287	289	姊姊	family
69	362	365	這個月	time
69	1057	1059	兩天	time
69	1063	1066	前一天	time
69	1239	1242	前一天	time
69	1248	1250	今天	time
69	1251	1255	9月10	time
69	1267	1270	9月9	time
69	1271	1275	9月11	time
69	1282	1286	今天晚上	time
69	1373	1377	兩個小時	time
69	1390	1394	兩個小時	time
69	1407	1410	11號	time
69	1426	1428	4點	time
69	1432	1435	12號	time
69	1435	1437	4點	time
69	1487	1489	當天	time
69	1518	1521	前一天	time
69	1529	1532	前一天	time
69	1565	1569	24小時	time
69	1597	1601	9月8號	time
69	1634	1636	7點	time
69	1639	1641	4點	time
69	1645	1647	4點	time
69	1667	1669	保險	profession
69	1677	1681	兩個小時	time
69	1800	1803	前一天	time
69	1834	1836	三天	time